{
    "judaism": {
        "Judaism": [
            "Judaism is an ethnic religion comprising ",
            "Judaism is considered by religious Jews ",
            "Within Judaism there are a variety ",
            "Modern branches of Judaism such as ",
            "Orthodox Judaism maintains that the Torah ",
            "Conservative and Reform Judaism are more ",
            "Judaism's texts, traditions and values strongly ",
            "Judaism thus begins with ethical monotheism: ",
            "Judaism also universally recognizes the Biblical ",
            "In turn, Solomon Schechter's Conservative Judaism ",
            "(Talmud Shabbat 127a).In Judaism, \"the study ",
            "\"Judaism\" as a direct translation of ",
            "Consequently, in his view, Judaism does ",
            "Reconstructionist Judaism and the larger denominations ",
            "All mainstream forms of Judaism today ",
            "Orthodox Judaism holds that both the ",
            "Haredi Judaism is less accommodating to ",
            "Subsets of Haredi Judaism include Hasidic ",
            "Conservative Judaism teaches that Jewish law ",
            "Conservative Judaism holds that the Oral ",
            "Reform Judaism, called Liberal or Progressive ",
            "Reform Judaism has developed an egalitarian ",
            "Reconstructionist Judaism, like Reform Judaism, does ",
            "Humanistic Judaism is a small non-theistic ",
            "Sephardi and Mizrahi observance of Judaism ",
            "Haymanot refers the Judaism practiced by ",
            "This version of Judaism differs substantially ",
            "In Rabbinic Judaism, Kohanim, members of ",
            "Death and Mourning \u2013 Judaism has ",
            "Hellenistic Judaism spread to Ptolemaic Egypt ",
            "Hasidic Judaism eventually became the way ",
            "Modern religious movements of Judaism all ",
            "Modern Orthodox Judaism developed in reaction ",
            "The differences between Christianity and Judaism ",
            "Due to these differences, Judaism traditionally ",
            "Christianity has traditionally regarded Judaism as ",
            "), The Blackwell reader in Judaism\nCohn-Sherbok, ",
            "), The Blackwell Companion to Judaism\nBoyarin, ",
            "Max Weber, Ancient Judaism, Free Press, ",
            "Wayne Dosick, Living Judaism: The Complete ",
            "Neil Gillman, Conservative Judaism: The New ",
            "by David Silverman, Philosophies of ",
            "Judaism article from the 1901\u20131906 Jewish "
        ],
        "Messianic_Judaism": [
            "Messianic Judaism is a modern syncretic religious ",
            "Salvation in Messianic Judaism is achieved only ",
            "Protestant groups usually accept Messianic Judaism as ",
            "In general, essential doctrines of Messianic Judaism ",
            "According to certain branches of Messianic Judaism, "
        ],
        "Karaite_Judaism": [
            "Karaite Judaism or Karaism is a Jewish ",
            "Karaite Judaism holds every interpretation of the ",
            "KJU teaches various forms of Karaite Judaism ",
            "Thus, newly admitted converts to Karaite Judaism ",
            "Accordingly, the mainstream in Karaite Judaism takes ",
            "Karaite Judaism and Historical Understanding ISBN 1-57003-518-0\nBaer, ",
            "Karaite Judaism: Introduction to Karaite "
        ],
        "Rabbinic_Judaism": [
            "Rabbinic Judaism, also called Rabbinism, Rabbinicism, or ",
            "Growing out of Pharisaic Judaism, Rabbinic Judaism ",
            "Rabbinic Judaism contrasts with the Sadducees, Karaite ",
            "Thus Rabbinic Judaism claims that almost all "
        ],
        "Conservative_Judaism": [
            "Conservative Judaism is a Jewish religious movement ",
            "Conservative Judaism is the third-largest Jewish religious ",
            "Conservative Judaism regards itself as the authentic ",
            "The halakhic commitment of Conservative Judaism has ",
            "Conservative Judaism explicitly acknowledges the principle of ",
            "The Leadership Council of Conservative Judaism stated ",
            "The United Synagogue of Conservative Judaism, covering ",
            "The Women's League for Conservative Judaism is ",
            "Conservative Judaism: Our Ancestors To Our Descendants, "
        ],
        "Humanistic_Judaism": [
            "Humanistic Judaism is a  Jewish movement ",
            "The Society for Humanistic Judaism has 10,000 ",
            "The International Institute for Secular Humanistic Judaism ",
            "The International Institute for Secular Humanistic Judaism, ",
            "The Society for Humanistic Judaism was organized ",
            "Humanistic Judaism ordains both men and women ",
            "The Society for Humanistic Judaism issued a ",
            "In 2004, the Society for Humanistic Judaism "
        ],
        "Orthodox_Judaism": [
            "Orthodox Judaism is a collective term for ",
            "Orthodox Judaism therefore advocates a strict observance ",
            "Orthodox Judaism is not a centralized ",
            "In total, Orthodox Judaism is the largest ",
            "Like other traditional, non-liberal religions, Orthodox Judaism "
        ],
        "Haredi_Judaism": [
            "Haredi Judaism consists of groups within Orthodox "
        ],
        "Modern_Orthodox_Judaism": [
            "Modern Orthodox Judaism is a movement within Orthodox "
        ],
        "Reconstructionist_Judaism": [
            "Reconstructionist Judaism  is a modern Jewish ",
            "Reconstructionist Judaism is the first major movement "
        ],
        "Reform_Judaism": [
            "Reform Judaism is a major Jewish denomination ",
            "The origins of Reform Judaism lie in ",
            "From its beginning, Reform Judaism attempted to ",
            "In its early stages, when Reform Judaism ",
            "The Religious Action Center of Reform Judaism ",
            "The North American Union for Reform Judaism ",
            "In 2010, the Movement for Reform Judaism "
        ],
        "Second_Temple_Judaism": [
            "Second Temple Judaism is Judaism between the construction ",
            "An Introduction to Second Temple "
        ]
    },
    "christianity": {
        "Christianity": [
            "Christianity is an Abrahamic monotheistic religion ",
            "Christianity began as a Second Temple ",
            "Emperor Constantine the Great decriminalized Christianity ",
            "The early history of Christianity's united ",
            "Christianity played a prominent role in ",
            "Following the Age of Discovery, Christianity ",
            "Christianity is growing in Africa and ",
            "Frequently in Western Christianity, the hands ",
            "Christianity regards the biblical canon, the ",
            "The presence of Christianity in Africa ",
            "King Tiridates III made Christianity the ",
            "At that point, Christianity was still ",
            "Christianity's limited tolerance of Jews was ",
            "Despite the declining numbers, Christianity remains ",
            "It is also reported that Christianity ",
            "Many even attribute Christianity for being ",
            "Christianity has had a significant impact ",
            "Historically, Christianity has often been a ",
            "The civilizing influence of Christianity includes ",
            "In the 2nd century, Christianity was ",
            "Encyclop\u00e6dia Britannica\nReligion & Ethics \u2013 Christianity "
        ],
        "Eastern_Christianity": [
            "Eastern Christianity comprises  church families that ",
            "Eastern Christianity in the 21st century consists ",
            "Major branches or families of Eastern Christianity, ",
            "Volume 5, Eastern ",
            "\"Eastern Christianity in the United ",
            "The Blackwell Companion to Eastern "
        ],
        "Spiritual_Christianity": [
            "The term \"Spiritual Christianity\" refers to \"folk "
        ],
        "Western_Christianity": [
            "Western Christianity is one of two sub-divisions ",
            "Western Christianity is composed of the Latin ",
            "Thus, the term \"Western Christianity\" does not ",
            "As such, the adjectives \"Western Christianity\" and ",
            "In Western Christianity's  original area Latin ",
            "\"Over the centuries, disagreements separated Western Christianity "
        ],
        "Christian_deism": [
            "Christian deism is a standpoint in the ",
            "Christian deism is one of several branches ",
            "But a radical anti-Christian Deism, militant in ",
            "These two commandments through Christian deism were ",
            "Christian deism is therefore based on appreciation ",
            "Christian deism is opposed to the doctrine "
        ],
        "Christian_Zionism": [
            "Christian Zionism is a belief among some ",
            "Popular interest in Christian Zionism was given ",
            "Political Zionism and Christian Zionism are biblically ",
            "It criticizes Christian Zionism as an obstacle ",
            "In Defending Christian Zionism, David Pawson, a "
        ],
        "Progressive_Christianity": [
            "Progressive Christianity is a \"post-liberal movement\" within ",
            "Progressive Christianity represents a post-modern theological approach, ",
            "Progressive Christianity draws on the insights of ",
            "the article, \"Grassroots Progressive Christianity: A Quiet ",
            "\u2022 As Wolsey mentions, Progressive Christianity \"leans ",
            "So Progressive Christianity is often characterized by "
        ],
        "Christian_fundamentalism": [
            "Christian fundamentalism began in the late 19th ",
            "Christian fundamentalism has also been linked to "
        ],
        "Christian_Reconstructionism": [
            "Christian reconstructionism is a fundamentalist Reformed theonomic ",
            "Most Reformed Christians, however, disavow Christian reconstructionism ",
            "Prominent advocates of Christian reconstructionism have written ",
            "Conversely, Christian reconstructionism's founder, Rousas Rushdoony, wrote "
        ],
        "Christian_Science": [
            "Christian Science is a set of beliefs ",
            "The book became Christian Science's central text, ",
            "Christian Science became the fastest growing religion ",
            "There are key differences between Christian Science ",
            "Critics of Christian Science blame the religion's ",
            "She suggested that Christian Science was a ",
            "Christian Science was defined by Eddy as ",
            "Eddy allowed exceptions from Christian Science prayer, ",
            "She described Christian Science healing as \"Christ ",
            "By the end of 1886 Christian Science ",
            "In 1890 there were seven Christian Science ",
            "His first article about Christian Science was ",
            "\"There is nothing in Christian Science that ",
            "Christian Science did not have missionaries, so ",
            "There are also Christian Science nursing ",
            "In Australia the Christian Science church was ",
            "The church sent a Christian Science nurse ",
            "Otherwise the first Christian Science church in "
        ],
        "Churches_of_Christ": [
            "Churches of Christ are autonomous Christian congregations associated ",
            "For the Churches of Christ, practices not present ",
            "There are now Churches of Christ in Africa, ",
            "Modern Churches of Christ have their historical roots ",
            "Churches of Christ typically offer open communion offering ",
            "In 2000, the Churches of Christ were the ",
            "Churches of Christ had a presence in 2,429 ",
            "Churches of Christ purposefully have no central headquarters, ",
            "Churches of Christ are linked by their shared ",
            "Churches of Christ hold to the priesthood of ",
            "Churches of Christ emphasize that there is no ",
            "Churches of Christ seek to practice the principle ",
            "Churches of Christ generally see the Bible as ",
            "Churches of Christ hold the view that humans ",
            "Churches of Christ argue that historically immersion was ",
            "While Churches of Christ do not describe baptism ",
            "However members of the Churches of Christ reject ",
            "Churches of Christ have historically practiced a cappella ",
            "Many leaders argue that the Churches of Christ ",
            "Because Churches of Christ reject all formalized creeds ",
            "Churches of Christ do tend to elaborate certain ",
            "Churches of Christ have moved away from premillennialism ",
            "Mainstream and conservative churches of Christ bar membership ",
            "For the Churches of Christ, any practices not ",
            "The instrumental Christian Churches and Churches of Christ ",
            "Among the Churches of Christ, Marshall Keeble became ",
            "Notable Churches of Christ hymn writers have included ",
            "Churches of Christ grew up independently in several ",
            "While early Churches of Christ in Australia saw ",
            "The name \"Churches of Christ\" was formally adopted ",
            "The Association of Churches of Christ in Britain ",
            "Many people in more traditional Churches of Christ ",
            "Fellowship of Churches of Christ in Great Britain "
        ],
        "Christian_mysticism": [
            "Christian mysticism refers to mystical practices and "
        ],
        "Esoteric_Christianity": [
            "Esoteric Christianity is an ensemble of Christian ",
            "Important influences on Esoteric Christianity are the ",
            "Esoteric Christianity or the Lesser "
        ],
        "Christian_Kabbalah": [
            "Christian Kabbalah \"reinterpreted Kabbalistic doctrine to a ",
            "Later Christian Kabbalah is mostly based on ",
            "): The Christian Kabbalah: Jewish Mystical Books ",
            "Dan, Joseph: Modern Times: The Christian ",
            "\"The Genesis of Christian Kabbalah - Early ",
            "\"Christian "
        ],
        "Christian_Universalism": [
            "Christian universalism is a school of Christian ",
            "The term Christian universalism was used in ",
            "\"The remaining central beliefs of Christian universalism ",
            "In the context of Christian universalism, theosis\u2014 ",
            "Christian Universalism largely passed into obscurity for ",
            "Liberal Christian Universalism emphasizes the all-inclusive love ",
            "About the current state of Christian Universalism, "
        ],
        "Nondenominational_Christianity": [
            "Nondenominational Christianity consists of churches which typically "
        ],
        "Jewish_Christian": [
            "Jewish Christians were the followers of a ",
            "Many see the term Jewish Christians as ",
            "Jewish Christianity is the foundation of Early ",
            "Jewish Christians drifted apart from mainstream Judaism, ",
            "According to McGrath, Jewish Christians, as faithful ",
            "\"Jewish Christians were the original members of ",
            "As Christianity grew and developed, Jewish Christians ",
            "Jewish Christians like the Ebionites had an ",
            "Jewish Christians continued to worship in synagogues ",
            "Jewish Christians continued to worship in synagogues ",
            "These Jewish Christians, originally the central group ",
            "Some Jewish Christian groups, such as the ",
            "Some Jewish Christians also refer to themselves "
        ],
        "Church_of_God_and_Saints_of_Christ": [
            "The Church of God and Saints of Christ is a Black Hebrew ",
            "The Church of God and Saints of Christ, headquarters in Belleville, VA, ",
            "In 2001, the Church of God and Saints of Christ was led "
        ],
        "Israelite_Church_of_God_in_Jesus_Christ": [
            "The Israelite Church of God in Jesus Christ, formerly known as the ",
            "The Israelite Church of God in Jesus Christ claims that blacks who "
        ],
        "Christian_Identity": [
            "Christian Identity is a racist, anti-Semitic, and ",
            "Christian Identity beliefs were primarily developed and ",
            "Christian Identity holds that all non-whites will ",
            "However, Christian Identity, which emerged in the ",
            "Links between Christian Identity and the Ku ",
            "Numerous Christian Identity churches preach similar ",
            "Swift quickly converted him to Christian ",
            "Lesser figures participated as Christian Identity theology ",
            "The Christian Identity movement first received widespread ",
            "Due to the promotion of Christian Identity ",
            "The primary spread of Christian Identity teachings ",
            "Christian Identity beliefs were primarily developed and ",
            "An early Christian Identity teacher, Wesley ",
            "No single document expresses the Christian Identity ",
            "Christian Identity adherents assert that the white ",
            "The Christian Identity movement thus seeks alternative ",
            "In short, Christian Identity adherents believe that ",
            "Christian Identity followers believe that Adam and ",
            "A seminal influence on the Christian Identity ",
            "As a general rule, Christian Identity followers ",
            "Some Christian Identity adherents follow the Mosaic ",
            "Some Christian Identity writers criticize modern Bible ",
            "Unlike many Protestant Fundamentalists, Christian Identity adherents ",
            "Christian Identity is also adhered to by ",
            "South African branches of Christian Identity have ",
            "God and Race: British-Israelism and Christian Identity, ",
            "Christian Identity: The Aryan American Bloodline "
        ]
    },
    "islam": {
        "Islam": [
            "Islam \"submission [to God]\") is an ",
            "Islam teaches that God is merciful, ",
            "The primary scriptures of Islam are ",
            "Like other Abrahamic religions, Islam also ",
            "The Islamic Golden Age refers to ",
            "Islam is the fastest-growing major religion ",
            "The word \"Islam\" can be used ",
            "Islam rejects polytheism and idolatry, as ",
            "In Islam, God is beyond all ",
            "\"Islam teaches that the creation of ",
            "In Islam, just as in Judaism ",
            "Islamic theology says that all of ",
            "In Islam, the \"normative\" example of ",
            "Mystical traditions in Islam place these ",
            "Another kind of charity in Islam ",
            "The Islamic revival of the late ",
            "A jurist who interprets Islamic law ",
            "Most families in the Islamic world ",
            "Islamic hygienic practices mainly fall into ",
            "Islamic burial rituals include saying the ",
            "In fact, In Islamic tradition, the ",
            "In Islam, the observance of moral ",
            "One typical Islamic teaching on morality ",
            "The fundamental moral qualities in Islam ",
            "As a religion, Islam emphasizes the ",
            "In Islam, justice is not only ",
            "Currently no government conforms to Islamic ",
            "Although some converted to Islam, the ",
            "Many early converts to Islam were ",
            "Sunni Islam and Shia Islam thus ",
            "However, Islamic law would not be ",
            "The Ghaznavid dynasty was an Islamic ",
            "Conversion to Islam, however, was not ",
            "Throughout this expanse, Islam blended with ",
            "Under the Ottoman Empire, Islam spread ",
            "The wealthy Islamic Bengal Sultanate was ",
            "Liberal Islam is a movement that ",
            "Islamist groups such as the Muslim ",
            "In Turkey, the Islamist AK Party ",
            "The Organisation of Islamic Cooperation, consisting ",
            "Shia Islam has several branches, the ",
            "Mahdavia is an Islamic sect that ",
            "Islam is the second largest religion ",
            "Islam is set to grow faster ",
            "Growth rates of Islam in Europe ",
            "Finally, \"Islamic civilization\" may also refer ",
            "Islamic holy days fall on fixed ",
            "The most important Islamic festivals are ",
            "Islamic salvation optimism and its carnality ",
            "Islam's sensual descriptions of paradise led ",
            "Dante does not blame Islam as "
        ],
        "Islamism": [
            "Islamism is a concept whose meaning ",
            "In academic usage, the term Islamism ",
            "Another major division within Islamism is ",
            "Olivier Roy argues that \"Sunni pan-Islamism ",
            "Daniel Pipes describes Islamism as a ",
            "Moderate strains of Islamism have been ",
            "Moderate Islamism is characterized by pragmatic ",
            "As such, post-Islamism is not anti-Islamic, ",
            "There, Muslim Brothers' Islamism had synthesized ",
            "The Symbolic Scenarios of Islamism: A ",
            "Islamism: Contested Perspectives on Political ",
            ""
        ],
        "Shia_Islam": [
            "Shia Islam or Shi'ism is one of ",
            "A person observing Shia Islam is called ",
            "Shia Islam is based on Muhammad's ",
            "Historians dispute the origin of Shia Islam, ",
            "Shia Islam embodies a completely independent system "
        ],
        "Sunni_Islam": [
            "Sunni Islam is the largest denomination of ",
            "Sunni Islam is sometimes referred to as ",
            "Sunni Islam does not have a formal ",
            "Many traditional scholars saw Sunni Islam in ",
            "Additionally, classical Sunni Islam also outlined numerous ",
            "The key beliefs of classical Sunni Islam "
        ],
        "Islamic_Modernism": [
            "Islamic Modernism is a movement that has ",
            "One expression of Islamic Modernism is that "
        ],
        "American_Society_of_Muslims": [
            "The American Society of Muslims was a predominantly African-American ",
            "Finally it settled on the American Society of Muslims.In "
        ],
        "Nation_of_Islam": [
            "The Nation of Islam is an African American ",
            "He took over the Nation of Islam's headquarters ",
            "His goal, according to the Nation of Islam, ",
            "Many other Nation of Islam members were similarly ",
            "At the time, Nation of Islam was founded ",
            "He worked to rebuild the Nation of Islam ",
            "Under Farrakhan's leadership, the Nation of Islam tried ",
            "The Nation of Islam teaches that black people ",
            "The Nation of Islam teaches that intermarriage or ",
            "\"The Nation of Islam has repeatedly denied charges ",
            "The Nation of Islam points to the Quran: ",
            "\"The Nation of "
        ],
        "United_Nation_of_Islam": [
            "The United Nation of Islam is an African American "
        ],
        "Muslim_Canadian_Congress": [
            "The Muslim Canadian Congress was organized to provide "
        ],
        "Canadian_Muslim_Union": [
            "The Canadian Muslim Union is a registered not-for-profit "
        ],
        "Progressive_British_Muslims": [
            "Progressive British Muslims was a group of Liberal "
        ],
        "Progressive_Muslim_Union": [
            "The Progressive Muslim Union of North America was ",
            "The Progressive Muslim Union is the result of "
        ],
        "Tolu-e-Islam": [
            "Tolu-e-Islam, also known as Bazm-e-Tolu-e-Islam, is ",
            "The words Tolu-e-Islam, meaning \"dawn\" or ",
            "Tolu-e-Islam seeks to propagate the Quranic "
        ],
        "Non-denominational_Muslim": [
            "A non-denominational Muslim is a Muslim who ",
            "Non-denominational Muslims have been adopted by some ",
            "Sahelian non-denominational Muslims have demonstrated an aversion ",
            "Nonetheless, other non-denominational Muslims, expressly, in a ",
            "Some laymen non-denominational Muslims exhibit hostility towards ",
            "Some non-denominational Muslims consider their unaffiliated stance ",
            "According to MCA, non-denominational Muslims also deemphasize ",
            "They have also depicted non-denominational Muslims as ",
            "In 2013, there were 156 non-denominational Muslim ",
            "Those who are non-denominational Muslim have seen "
        ]
    },
    "hinduism": {
        "Hinduism": [
            "Even among Hinduism denominations such as "
        ],
        "Hindu_denominations": [
            "Hindu denominations are traditions within  Hinduism ",
            "A notable feature of Hindu denominations is "
        ],
        "Hinduism_in_Indonesia": [
            "Hinduism in Indonesia, as of the 2010 census, ",
            "Traditionally, Hinduism in Indonesia had a pantheon of "
        ],
        "Hindu_reform_movements": [
            "Several contemporary groups, collectively termed Hindu reform movements "
        ],
        "Hindu_philosophy": [
            "Hindu philosophy refers to philosophies, world views ",
            "The orthodox schools of Hindu philosophy have ",
            "Hindu philosophy recognizes many types of Yoga, "
        ],
        "Hinduism_by_country": [
            "Estimates of Hinduism by country reflects this diversity "
        ],
        "Balinese_Hinduism": [
            "Balinese Hinduism is the form of Hinduism ",
            "Balinese Hinduism has been formally recognized by "
        ]
    },
    "buddhism": {
        "Buddhism": [
            "Buddhism is the world's fourth-largest religion ",
            "Buddhism encompasses a variety of traditions, ",
            "Two major extant branches of Buddhism ",
            "Theravada Buddhism has a widespread following ",
            "Tibetan Buddhism, which preserves the Vajrayana ",
            "In Buddhism, dukkha is one of ",
            "Buddhism, like other major Indian religions, ",
            "Samsara in Buddhism is considered to ",
            "According to Buddhism there ultimately is ",
            "Buddhism asserts that there is nothing ",
            "In Buddhism, dependent arising is referring ",
            "In early Buddhism, it was commonly ",
            "Similarly, in Theravada Buddhism, it often ",
            "In Theravada Buddhism, a Buddha is ",
            "Mah\u0101y\u0101na Buddhism holds that these other ",
            "All forms of Buddhism generally reveres ",
            "In early Buddhism and in Theravada ",
            "In Buddhism, states Harvey, the doctrine ",
            "In Zen Buddhism for example, one ",
            "Likewise, in Indo-Tibetan Buddhism, the \"Stages ",
            "Tibetan Buddhism sometimes adds a fourth ",
            "Insight in Mah\u0101y\u0101na Buddhism also includes ",
            "In Nichiren Buddhism, devotion to the ",
            "In the East Asian Buddhism, most ",
            "The modern study of early Buddhism ",
            "Buddhism was one among several Indian ",
            "Buddhism may have spread only slowly ",
            "The Kushans patronised Buddhism throughout their ",
            "Kushan support helped Buddhism to expand ",
            "Buddhism spread to Khotan, the Tarim ",
            "Buddhism also flourished under the support ",
            "This new esoteric form of Buddhism ",
            "\"Already during this later era, Buddhism ",
            "From China, Buddhism was introduced into ",
            "Pure Land Buddhism also became popular ",
            "During the Middle Ages, Buddhism slowly ",
            "Theravada Buddhism was the dominant religion ",
            "The Buddhism practised in Tibet, the ",
            "Tantric Buddhism is largely concerned with ",
            "In Indo-Tibetan Buddhism, Buddhist institutions are ",
            "Japanese Buddhism also went through a ",
            "The English words such as Buddhism, ",
            "Influential figures on post-war Western Buddhism ",
            "Buddhism has spread across the world, ",
            "While Buddhism in the West is ",
            "These new forms of Buddhism are ",
            "Ambedkar's Buddhism rejects the foundational doctrines ",
            "Ambedkar's Navayana Buddhism considers these as ",
            "Modern Buddhist movements include Secular Buddhism ",
            "According to Litian Fang, Buddhism has ",
            "The influence of Buddhism on psychology ",
            "According to Johnson and Grim, Buddhism ",
            "Buddhism in the America is primarily "
        ],
        "Chan_Buddhism": [
            "Chan Buddhism spread from China south to ",
            "Chan Buddhism survived in Tibet for several "
        ],
        "Seon_Buddhism": [
            "Seon Buddhism, represented chiefly by the Jogye ",
            "A main characteristic of Seon Buddhism is ",
            "Joseon Buddhism was first condensed to Seon "
        ],
        "Won_Buddhism": [
            "Won Buddhism can be regarded either as ",
            "\"Korea's Won Buddhism: is it really a ",
            "\"Won Buddhism: A synthesis of the moral ",
            "\"Sot`aesan's Creation of Won Buddhism through the ",
            "McBride, Richard D. \"Won Buddhism\", in Religions ",
            "\"Won Buddhism\", in Encyclopedia of Buddhism, edited "
        ],
        "Schools_of_Buddhism": [
            "The schools of Buddhism are the various institutional "
        ],
        "Nichiren_Buddhism": [
            "Nichiren Buddhism is a branch of Mahayana ",
            "The Gohonzon used in Nichiren Buddhism is ",
            "Within Nichiren Buddhism there are two major ",
            "Briefly, the basic practice of Nichiren Buddhism ",
            "In the modern period, Nichiren Buddhism experienced ",
            "Within Nichiren Buddhism there was a phenomenon "
        ],
        "Pure_Land_Buddhism": [
            "Pure Land Buddhism, also referred to as Amidism ",
            "The term \"Pure Land Buddhism\" is used to ",
            "Pure Land Buddhism is built on the belief ",
            "H\u014dnen established Pure Land Buddhism as an independent ",
            "Pure Land Buddhism is considered to be both ",
            "The Politics of Pure Land Buddhism in India, ",
            "Pure Land Buddhism in China: A Doctrinal History, ",
            "Pure Land Buddhism in China: A Doctrinal History, ",
            "Pure Land Buddhism in China: A Doctrinal History, ",
            "Pure Land Buddhism in China: A Doctrinal History, ",
            "Bibliography of English-language Works on Pure land Buddhism: "
        ],
        "Nikaya_Buddhism": [
            "\"Nikaya Buddhism\" is thus an attempt to "
        ],
        "Humanistic_Buddhism": [
            "Humanistic Buddhism  is a modern philosophy ",
            "Humanistic Buddhism is based on six core ",
            "Humanistic Buddhism for Social Well-Being: An Overview "
        ],
        "Chinese_Esoteric_Buddhism": [
            "Chinese Esoteric Buddhism refers to traditions of Tantra "
        ],
        "Newar_Buddhism": [
            "Newar Buddhism is the form of Vajrayana ",
            "As a result, Newar Buddhism seems to ",
            "Although Newar Buddhism was traditionally bound to ",
            "Monk, Householder, and Tantric Priest: Newar Buddhism ",
            "\"Newar "
        ],
        "Indonesian_Esoteric_Buddhism": [
            "Indonesian Esoteric Buddhism or Esoteric Buddhism in Maritime "
        ],
        "Shingon_Buddhism": [
            "Shingon Buddhism is one of the major "
        ],
        "Tendai_Buddhism": [
            "Tendai Buddhism has several philosophical insights which ",
            "Tendai Buddhism claims that each and every ",
            "The importance of up\u0101ya.Tendai Buddhism uses a ",
            "\"Is Tendai Buddhism Relevant to the Modern "
        ],
        "Tibetan_Buddhism": [
            "Tibetan Buddhism is the form of Buddhism ",
            "Tibetan Buddhism is a form of Mahayana ",
            "In the pre-modern era, Tibetan Buddhism spread ",
            "Tibetan Buddhism has four major schools, namely ",
            "Westerners unfamiliar with Tibetan Buddhism initially turned ",
            "In the west, the term \"Indo-Tibetan Buddhism\" ",
            "Tibetan Buddhism was adopted as the de ",
            "In China, Tibetan Buddhism continued to be ",
            "During the Qing, Tibetan Buddhism also remained ",
            "Tibetan Buddhism is now an influential religion ",
            "Samuel sees the character of Tibetan Buddhism ",
            "Widely revered Bodhisattvas in Tibetan Buddhism include ",
            "Tibetan Buddhism claims to teach methods for ",
            "A popular compassion meditation in Tibetan Buddhism ",
            "Traditionally, Tibetan Buddhism follows the two main ",
            "Another title unique to Tibetan Buddhism is ",
            "Tibetan Buddhism From the Ground Up: A ",
            "\"The Essence of Tibetan ",
            "Indo-Tibetan "
        ],
        "Dalit_Buddhist_movement": [
            "The Dalit Buddhist movement is a socio-religious movement "
        ],
        "Shambhala_Buddhism": [
            "The term Shambhala Buddhism was introduced by ",
            "The shrine rooms in Shambhala Buddhism, reflecting "
        ],
        "Diamond_Way_Buddhism": [
            "Diamond Way Buddhism is a lay organization within "
        ],
        "Triratna_Buddhist_Community": [
            "The Triratna Buddhist Community) is an international fellowship "
        ],
        "True_Buddha_School": [
            "The True Buddha School  is a new ",
            "True Buddha School's funding relies heavily on ",
            "True Buddha School disseminates Buddhist teachings through Lu's ",
            "Many of the major True Buddha School sadhanas ",
            "The True Buddha School: A Field Research Report "
        ],
        "Buddhism_by_country": [
            "This list of Buddhism by country shows the "
        ],
        "Buddhist_modernism": [
            "Buddhist modernism are new movements based on ",
            "Some advocates of Buddhist modernism claim their ",
            "The first comprehensive study of Buddhist modernism ",
            "Bechert regarded Buddhist modernism as \"modern Buddhist ",
            "He identified several characteristics of Buddhist modernism: ",
            "Buddhist modernism and the rhetoric of meditative "
        ]
    },
    "sikhism": {
        "Sikhism": [
            "The core beliefs of Sikhism, articulated ",
            "Following this standard, Sikhism rejects claims ",
            "Adherents of Sikhism are known as ",
            "The anglicised word Sikhism derives from ",
            "Many sources call Sikhism a monotheistic ",
            "In Sikhism, the concept of \"God\" ",
            "God in Sikhism is known as ",
            "In Sikhism, the influences of ego, ",
            "However, in Sikhism, both karma and ",
            "Some scholars call Sikhism a Bhakti ",
            "However, Sikhism also accepts the concept ",
            "While Western scholarship generally places Sikhism ",
            "Sikhism stresses kirat kar\u014d: that is ",
            "Sikhism considers \"an attack on dharam ",
            "God in Sikhism has no gender, ",
            "Women in Sikhism have led battles ",
            "The traditions and philosophy of Sikhism ",
            "The word Guru in Sikhism also ",
            "The various Gurus of Sikhism have ",
            "According to Singha, \"Sikhism does not ",
            "however, Sikhism was not simply an ",
            "Sikhism developed while the region was ",
            "The major historic sects of Sikhism, ",
            "Although decried by Sikhism, Sikhs have ",
            "Priestly class: Sikhism does not have ",
            "Sikhism at Curlie\nInformation center about the "
        ],
        "Sikh": [
            "Sikhs are people associated with Sikhism, ",
            "The term Sikh has its origin ",
            "Male Sikhs generally have Singh as ",
            "Sikhs who have undergone the Khan\u1e0de-k\u012b-Pahul ",
            "However, Sikh political history may be ",
            "The Sikhs subsequently militarized to oppose ",
            "The Sikh leaders of the Singh ",
            "This was promised to Sikh leader ",
            "Although the Sikhs obtained the Punjab, ",
            "Sikh leader Jarnail Singh Bhindranwale triggered ",
            "Since 1984, relations between Sikhs and ",
            "Canada Post honoured Sikh Canadians with ",
            "In the UK, Sikhs can wear ",
            "About 76% of all Sikhs live ",
            "Substantial communities of Sikhs live in ",
            "Another substantial community of Sikhs exists ",
            "The British Raj recruited Sikhs for ",
            "During the Raj, semiskilled Sikh artisans ",
            "Sikhs emigrated from India after World ",
            "Some Sikhs who had settled in ",
            "Italian Sikhs are generally involved in ",
            "Primarily for socio-economic reasons, Indian Sikhs ",
            "The Sikh population has the lowest ",
            "As such, Sikhs comprise a number ",
            "Along with Guru Nanak, other Sikh ",
            "An order of Punjabi Sikhs, the ",
            "Over 60% of Sikhs belong to ",
            "Other common Sikh castes include Ahluwalias, ",
            "Some Sikhs belonging to the landowning ",
            "In 1953, Sikh leader and activist, ",
            "There was a large Sikh immigration ",
            "While Sikhs were temporarily disenfranchised several ",
            "As Sikhs wear turbans and keep ",
            "The Sikh Youth Alliance of North ",
            "The Sikh diaspora has been most ",
            "UK Sikhs are the second-wealthiest religious ",
            "Similarly, the Sikh American Legal Defense ",
            "Indian Sikhs are employed in agriculture ",
            "The first Sikh in office, Singh ",
            "She still actively attends both Sikh ",
            "Sikh Bob Singh Dhillon is the ",
            "In sports, Sikhs include England cricketer ",
            "Sikhs in Bollywood, in the arts ",
            "The Sikh Regiment is one of ",
            "During World War I, Sikh battalions ",
            "Six battalions of the Sikh Regiment ",
            "Around the world, Sikhs are commemorated ",
            "In July 1983, the Sikh political ",
            "Sikh culture is therefore a synthesis ",
            "Sikhism has forged a unique architecture, ",
            "Sikh architecture is characterised by gilded ",
            "A pinnacle of Sikh style is ",
            "Sikh culture is influenced by militaristic ",
            "The art of diaspora Sikhs like ",
            "Punjabi Sikhs have championed these forms ",
            "In 1813 the Sikh army occupied ",
            "With the Sikh kingdom of Lahore ",
            "The Sikh school adapted Kangra painting "
        ],
        "Nirankari_Sikh": [
            "Nirankari Sikhs are settled across contemporary India, ",
            "The Nirankari Sikhs dispose of their dead ",
            "This text describes the Nirankari Sikh ceremonies ",
            "The Hukamnama outlines distinctly Nirankari Sikh rituals, "
        ],
        "Sects_of_Sikhism": [
            "Sects of Sikhism are sub-traditions within Sikhism that ",
            "The major historic sects of Sikhism, states Harjot "
        ]
    },
    "atheism": {
        "Atheism": [
            "Atheism is, in the broadest sense, ",
            "Less broadly, atheism is a rejection ",
            "In an even narrower sense, atheism ",
            "Atheism is contrasted with theism, which, ",
            "The actual term atheism emerged first ",
            "Nonbelievers contend that atheism is a ",
            "Atheism has been regarded as compatible ",
            "Atheism has sometimes been defined to ",
            "Implicit atheism is \"the absence of ",
            "Positive atheism is the explicit affirmation ",
            "Negative atheism includes all other forms ",
            "Under this demarcation of atheism, most ",
            "Atheism is nothing more than the ",
            "This view is related to apatheism ",
            "The allocation of agnosticism to atheism ",
            "Metaphysical atheism may be either: a) ",
            "Relative atheism is associated with idealistic ",
            "This form of atheism favors humanity ",
            "The practical consequence of this atheism ",
            "His findings relating specifically to atheism ",
            "Atheism is accepted as a valid ",
            "Baggini argues that atheism is a ",
            "The term atheism was derived from ",
            "\"Atheism was first used to describe ",
            "In addition, state atheism emerged in ",
            "The average annual change for atheism ",
            "\"Atheism and ",
            "",
            "Religion & Ethics\u2014Atheism at "
        ]
    }
}