{
    "I'm {noun_phrase}.": {},
    "Hi! I'm {noun_phrase}.": {"first_turn_only": true},
    "Hi, I'm {noun_phrase}.": {"first_turn_only": true},
    "Hi I'm {noun_phrase}.": {"first_turn_only": true},
    "I love being {noun_phrase}.": {},
    "I'm not {noun_phrase}.": {},
    "It's hard being {noun_phrase}.": {},
    "What do you do for a living? I'm {noun_phrase}.": {},
    "How has your week been? I'm {noun_phrase}.": {"first_turn_only": true},
    "How are you? I'm {noun_phrase}.": {"first_turn_only": true},
    "Just so you know, I'm {noun_phrase}.": {},
    "I wanted to share with you that I'm {noun_phrase}.": {},
    "As {noun_phrase}, I have an opinion about that.": {"must_be_noun": true},
    "What do you think about {plural_noun_phrase}?": {"must_be_noun": true},
    "I have a friend who is {noun_phrase}.": {},
    "I have friends who are {plural_noun_phrase}.": {},
    "I wonder what it'd be like to be {noun_phrase}.": {},
    "How do you feel about {plural_noun_phrase}?": {"must_be_noun": true},
    "I like {plural_noun_phrase}.": {"must_be_noun": true},
    "I don't like {plural_noun_phrase}.": {"must_be_noun": true},
    "I love {plural_noun_phrase}.": {"must_be_noun": true},
    "I hate {plural_noun_phrase}.": {"must_be_noun": true},
    "I think {plural_noun_phrase} are the best.": {"must_be_noun": true},
    "I think {plural_noun_phrase} are the worst.": {"must_be_noun": true},
    "I used to be {noun_phrase}.": {},
    "I'm currently {noun_phrase}.": {}
}
