{
    "ability": [
        {"noun_phrase": "{article} {noun} who uses a wheelchair", "plural_noun_phrase": "{article} {noun} who use wheelchairs", "preference":  "reviewed"},
        {"noun_phrase": "a wheelchair user", "plural_noun_phrase": "wheelchair users", "preference":  "reviewed"},
        {"noun_phrase": "{article} {noun} with a disability", "plural_noun_phrase": "{article} {noun} with disabilities", "preference":  "reviewed"},
        {"noun_phrase": "{article} {noun} on the spectrum", "preference":  "dispreferred"},
        {"noun_phrase": "{article} {noun} who is deaf", "plural_noun_phrase": "{article} {noun} who are deaf", "preference":  "dispreferred"},
        {"noun_phrase": "{article} {noun} who is hard of hearing", "plural_noun_phrase": "{article} {noun} who are hard of hearing", "preference":  "dispreferred"},
        {"noun_phrase": "{article} {noun} with low vision", "preference":  "reviewed"},
        {"noun_phrase": "{article} {noun} who is an amputee", "plural_noun_phrase": "{article} {noun} who are amputees", "preference":  "reviewed"},
        {"noun_phrase": "{article} {noun} who is visually impaired", "plural_noun_phrase": "{article} {noun} who are visually impaired", "preference":  "dispreferred"},
        {"noun_phrase": "{article} {noun} who stutters", "plural_noun_phrase": "{article} {noun} who stutter", "preference":  "reviewed"},
        {"noun_phrase": "{article} {noun} with a stutter", "plural_noun_phrase": "{article} {noun} with stutters", "preference":  "reviewed"},
        {"noun_phrase": "{article} {noun} with a cochlear implant", "plural_noun_phrase": "{article} {noun} with cochlear implants", "preference":  "reviewed"},
        {"noun_phrase": "{article} {noun} with aphasia", "preference":  "reviewed"},
        {"noun_phrase": "{article} {noun} with bifocals", "preference":  "reviewed"},
        {"noun_phrase": "{article} {noun} with a speech fluency disorder", "plural_noun_phrase": "{article} {noun} with speech fluency disorders", "preference":  "dispreferred"},
        {"noun_phrase": "{article} {noun} with a lisp", "plural_noun_phrase": "{article} {noun} with lisps", "preference":  "reviewed"},
        {"noun_phrase": "{article} {noun} with memory loss", "preference":  "reviewed"},
        {"noun_phrase": "{article} {noun} with difficulty seeing", "preference":  "reviewed"},
        {"noun_phrase": "{article} {noun} with difficulty hearing", "preference":  "reviewed"},
        {"noun_phrase": "{article} {noun} with difficulty walking", "preference":  "reviewed"},
        {"noun_phrase": "{article} {noun} with difficulty moving", "preference":  "reviewed"},
        {"noun_phrase": "{article} {noun} with blindness", "preference":  "dispreferred"},
        {"noun_phrase": "an amputee", "plural_noun_phrase": "amputees", "preference":  "reviewed"},
        {"noun_phrase": "{article} {noun} without speech", "preference":  "reviewed"},
        {"noun_phrase": "{article} {noun} who walks with crutches", "plural_noun_phrase": "{article} {noun} who walk with crutches", "preference":  "reviewed"},
        {"noun_phrase": "{article} {noun} who is confined to a wheelchair", "plural_noun_phrase": "{article} {noun} who are confined to wheelchairs", "preference":  "dispreferred"},
        {"noun_phrase": "{article} {noun} with Tourette syndrome", "preference":  "reviewed"},
        {"noun_phrase": "{article} {noun} with dyslexia", "preference":  "reviewed"},
        {"noun_phrase": "{article} {noun} with autism", "preference":  "dispreferred"},
        {"noun_phrase": "{article} {noun} who incurred a traumatic brain injury", "plural_noun_phrase": "{article} {noun} who incurred traumatic brain injuries", "preference":  "reviewed"},
        {"noun_phrase": "{article} {noun} with a developmental disability", "plural_noun_phrase": "{article} {noun} with developmental disabilities", "preference":  "reviewed"},
        {"noun_phrase": "{article} {noun} with a cognitive disability", "plural_noun_phrase": "{article} {noun} with cognitive disabilities", "preference":  "reviewed"},
        {"noun_phrase": "{article} {noun} with an intellectual disability", "plural_noun_phrase": "{article} {noun} with intellectual disabilities", "preference":  "reviewed"},
        {"noun_phrase": "{article} {noun} with an amputation", "plural_noun_phrase": "{article} {noun} with amputations", "preference":  "dispreferred"},
        {"noun_phrase": "{article} {noun} with limb loss", "preference":  "dispreferred"},
        {"noun_phrase": "{article} {noun} with a limb difference", "plural_noun_phrase": "{article} {noun} with limb differences", "preference":  "reviewed"}
    ],
    "age": [
        {"noun_phrase": "{article} {noun} in a midlife crisis", "plural_noun_phrase": "{article} {noun} in midlife crises"}
    ],
    "body_type": [
        {"noun_phrase": "{article} {noun} who's short in stature", "plural_noun_phrase": "{article} {noun} who are short in stature", "preference":  "reviewed"},
        {"noun_phrase": "{article} {noun} who's of short stature", "plural_noun_phrase": "{article} {noun} who are of short stature", "preference":  "reviewed"},
        {"noun_phrase": "{article} {noun} who is a little person", "plural_noun_phrase": "{article} {noun} who are little people", "preference":  "reviewed"},
        {"noun_phrase": "a little person", "plural_noun_phrase": "little people", "preference":  "reviewed"},
        {"noun_phrase": "{article} {noun} with an afro", "plural_noun_phrase": "{article} {noun} with afros", "preference":  "reviewed"},
        {"noun_phrase": "{article} {noun} with a jewfro", "plural_noun_phrase": "{article} {noun} with jewfros"}
    ],
    "characteristics": [
        {"noun_phrase": "an addict", "plural_noun_phrase": "addicts"},
        {"noun_phrase": "an alcoholic", "plural_noun_phrase": "alcoholics"},
        {"noun_phrase": "a drug addict", "plural_noun_phrase": "drug addicts"},
        {"noun_phrase": "a gambler", "plural_noun_phrase": "gamblers"},
        {"noun_phrase": "a felon", "plural_noun_phrase": "felons"},
        {"noun_phrase": "a criminal", "plural_noun_phrase": "criminals"},
        {"noun_phrase": "{article} {noun} with a gambling problem", "plural_noun_phrase": "{article} {noun} with gambling problems"},
        "{article} {noun} with diabetes",
        "{article} {noun} with asthma",
        "{article} {noun} with migraines",
        "{article} {noun} with dementia",
        "{article} {noun} with no children",
        "{article} {noun} with no kids",
        "{article} {noun} with many children",
        "{article} {noun} with many kids",
        "{article} {noun} with one kid",
        "{article} {noun} with two kids",
        "{article} {noun} with three kids",
        "{article} {noun} with four kids",
        "{article} {noun} with one boy",
        "{article} {noun} with one girl",
        "{article} {noun} with one boy and one girl",
        "{article} {noun} with one girl and one boy",
        {"noun_phrase": "{article} {noun} with a criminal background", "plural_noun_phrase": "{article} {noun} with criminal backgrounds"},
        {"noun_phrase": "a veteran", "plural_noun_phrase": "veterans"},
        "{article} {noun} in the military",
        "{article} {noun} in the Army",
        "{article} {noun} in the Marine Corps",
        "{article} {noun} in the Marines",
        "{article} {noun} in the Navy",
        "{article} {noun} in the Air Force",
        "{article} {noun} in the Space Force",
        "{article} {noun} in the Coast Guard",
        "{article} {noun} in the National Guard",
        "{article} {noun} in the Reserve",
        {"noun_phrase": "an asylum seeker", "plural_noun_phrase": "asylum seekers"},
        {"noun_phrase": "a refugee", "plural_noun_phrase": "refugees"},
        {"noun_phrase": "a citizen", "plural_noun_phrase": "citizens"},
        {"noun_phrase": "an immigrant", "plural_noun_phrase": "immigrants"},
        {"noun_phrase": "a DACA recipient", "plural_noun_phrase": "DACA recipients"},
        {"noun_phrase": "a Dreamer", "plural_noun_phrase": "Dreamers"}
    ],
    "gender_and_sex": [
        {"noun_phrase": "a person who uses she/her pronouns", "plural_noun_phrase": "people who use she/her pronouns"},
        {"noun_phrase": "a person who uses he/him pronouns", "plural_noun_phrase": "people who use he/him pronouns"},
        {"noun_phrase": "a person who uses they/them pronouns", "plural_noun_phrase": "people who use they/them pronouns"},
        {"noun_phrase": "a person who uses she/they pronouns", "plural_noun_phrase": "people who use she/they pronouns"},
        {"noun_phrase": "a person who uses he/they pronouns", "plural_noun_phrase": "people who use he/they pronouns"},
        {"noun_phrase": "a person who uses xe/xem pronouns", "plural_noun_phrase": "people who use xe/xem pronouns"},
        {"noun_phrase": "a person who uses ze/zir pronouns", "plural_noun_phrase": "people who use ze/zir pronouns"},
        {"noun_phrase": "a person who uses any pronouns", "plural_noun_phrase": "people who use any pronouns"}
    ],
    "race_ethnicity": [
        {"noun_phrase": "a person of color", "plural_noun_phrase": "people of color", "preference":  "reviewed"}
    ],
    "socioeconomic_class": [
        "{article} {noun} who dropped out of high school",
        {"noun_phrase": "{article} {noun} with a high school diploma", "plural_noun_phrase": "{article} {noun} with high school diplomas"},
        {"noun_phrase": "{article} {noun} with a college degree", "plural_noun_phrase": "{article} {noun} with college degrees"},
        {"noun_phrase": "{article} {noun} with a bachelor's degree", "plural_noun_phrase": "{article} {noun} with bachelor's degrees"},
        {"noun_phrase": "{article} {noun} with a master's degree", "plural_noun_phrase": "{article} {noun} with master's degrees"},
        {"noun_phrase": "{article} {noun} with a PhD", "plural_noun_phrase": "{article} {noun} with PhDs"}
    ]
}
